,track_id,name,artist,genre
0,TRPFYYL128F92F7144,Float On,Modest Mouse,Rock
1,TRBNYBX128F422EC61,Hey There Delilah,Plain White T's,Rock
2,TRONYHY128F92C9D11,Revelry,Kings of Leon,Rock
3,TRAFMVN128F147CBCE,Fade to Black,Metallica,Metal
4,TRRNZBN128F147CC7A,The Unforgiven II,Metallica,Metal
5,TREAYDQ128F147CC6C,Until It Sleeps,Metallica,Metal
6,TRZFXSA128F93073BE,The Unforgiven III,Metallica,Metal
7,TRXWAZC128F9314B3E,Heartbreak Warfare,John Mayer,Rock
8,TRUFTBY128F93450B8,Alejandro,Lady Gaga,Pop
9,TRVLPDN128E07889D1,Technologic,Daft Punk,Electronic
10,TRNPKRK128F429831C,DVNO,Justice,Electronic
11,TRSUSWW128F93463BF,Imma Be,Black Eyed Peas,Rap
12,TRPXIWX128F429831F,One Minute to Midnight,Justice,Electronic
13,TRABOVH128F427D3B4,Fancy Footwork,Chromeo,Electronic
14,TRABFDT12903CADD73,Up Up & Away,Kid Cudi,Rap
15,TRCKWGF12903CD2DCD,Never Let You Go,Third Eye Blind,Pop
16,TRAAKDG128F42A0ECB,Hips Don't Lie,Shakira,Pop
17,TRBKFKL128E078ED76,Hailie's Song,Eminem,Rap
18,TRILQPW128F92E2887,Waking the Demon,Bullet for My Valentine,Metal
19,TRAOIAH128F92F707B,It Was A Good Day,Ice Cube,Rap
20,TRLRGVX128E078EC1B,My Name Is,Eminem,Rap
21,TRRVJCK12903CD2DCB,U Smile,Justin Bieber,Pop
22,TRHNBHR128F9350E67,The Big Gundown,The Prodigy,Electronic
23,TRPGPDK12903CCC651,Bring Me To Life,Katherine Jenkins,Rock
24,TRGCHLH12903CB7352,Party In The U.S.A.,The Barden Bellas,Pop
